,year,subdist_no,sale_price_count,sale_price_mean,sale_price_median,sf_mean,price_sf_mean,min_income
0,2009,10a,92,351929,350000,1366,287,47398
1,2009,10b,69,541515,545000,1360,420,73806
2,2009,10c,98,509623,520000,1208,440,70420
3,2009,10d,46,564891,590000,1380,438,79900
4,2009,10e,80,460139,456000,1390,355,61753
5,2009,10f,79,591840,590000,1443,438,79900
6,2009,10g,52,473082,483500,1283,390,65477
7,2009,10h,37,588602,580000,1355,467,78546
8,2009,10j,2,272500,272500,1212,223,36903
9,2009,10k,14,409150,413500,1449,310,55998
10,2009,10m,1,505000,505000,1204,419,68389
11,2009,10n,5,492160,500800,1434,349,67820
12,2009,1a,38,951921,846000,1951,515,114569
13,2009,1b,19,1305710,1225000,2089,665,165895
14,2009,1c,6,2320833,2182500,3039,743,295564
15,2009,1d,18,1909800,1690000,2131,919,228867
16,2009,1e,40,810562,775000,1640,519,104954
17,2009,1f,10,2935500,2146000,2918,998,290621
18,2009,1g,9,1288888,1198000,2044,632,162238
19,2009,2a,34,932524,848500,1785,541,114907
20,2009,2b,70,657009,649000,1297,532,87890
21,2009,2c,60,685240,662500,1397,518,89718
22,2009,2d,86,736466,732500,1447,532,99198
23,2009,2e,79,780137,760000,1610,503,102922
24,2009,2f,37,969839,925000,1850,555,125267
25,2009,2g,20,823919,857500,1640,513,116126
26,2009,3a,29,884729,850000,1678,547,115111
27,2009,3b,22,584901,580000,1183,507,78546
28,2009,3c,2,977500,977500,2471,464,132377
29,2009,3e,11,988727,992000,1868,555,134341
30,2009,3f,5,1030000,1030000,2135,484,139487
31,2009,3g,40,496920,507500,1151,445,68728
32,2009,3h,34,491717,503250,1213,430,68152
33,2009,3j,30,467573,465000,1300,402,62972
34,2009,4a,4,1016250,1042500,2371,449,141180
35,2009,4b,7,1076857,1050000,2127,512,142196
36,2009,4c,19,1270368,1225000,2206,597,165895
37,2009,4d,16,776406,774000,1535,514,104818
38,2009,4e,12,1090458,1067000,2038,569,144498
39,2009,4f,18,761522,749500,1429,555,101500
40,2009,4g,13,1788099,1750000,3090,592,236993
41,2009,4h,49,812530,810000,1523,561,109694
42,2009,4j,9,952777,1000000,1940,524,135424
43,2009,4k,6,1215400,984000,2444,490,133257
44,2009,4m,11,1294454,1200000,2615,519,162509
45,2009,4n,11,928000,955000,2204,443,129330
46,2009,4p,10,924600,859250,1963,520,116363
47,2009,4r,14,824500,818500,1616,525,110845
48,2009,4s,47,668175,645000,1262,556,87348
49,2009,4t,21,1102990,965000,1995,582,130684
50,2009,5a,55,972086,862500,1514,669,116803
51,2009,5b,6,1488783,1530625,2758,573,207284
52,2009,5c,121,1262087,1117500,1783,737,151337
53,2009,5d,2,1687500,1687500,1652,1090,228529
54,2009,5e,18,1594222,1307500,2023,833,177067
55,2009,5f,9,1568222,1410000,2179,759,190948
56,2009,5g,17,1223264,1240000,1771,739,167926
57,2009,5h,6,1831796,1732500,2310,846,234623
58,2009,5j,5,1458800,1500000,2334,656,203137
59,2009,5k,46,1445395,1357500,1909,782,183839
60,2009,5m,2,1017500,1017500,1687,623,137794
61,2009,6a,2,1365000,1365000,2457,558,184854
62,2009,6b,14,1129785,1047500,1850,650,141857
63,2009,6c,14,1411428,1387500,1727,817,187901
64,2009,6d,5,840600,746000,1913,464,101026
65,2009,6e,3,2650000,2300000,5655,634,311476
66,2009,6f,3,1608333,1575000,3063,537,213294
67,2009,7a,18,2154833,2042500,2149,1095,276605
68,2009,7b,44,3989750,3047500,3507,1316,412706
69,2009,7c,21,4620800,4800000,3018,1585,650038
70,2009,7d,20,2517031,2125000,2685,962,287777
71,2009,8d,2,2597500,2597500,1673,1466,351765
72,2009,8e,9,1978888,1850000,2162,980,250535
73,2009,8f,1,830000,830000,4710,176,112402
74,2009,8g,1,4500000,4500000,1427,3153,609411
75,2009,8j,1,530000,530000,1635,324,71775
76,2009,9a,140,753015,760000,1362,571,102922
77,2009,9c,23,714315,714500,1343,559,96760
78,2009,9e,39,1042078,950000,1628,675,128653
79,2009,9f,1,750000,750000,2539,295,101568
80,2009,9j,1,625000,625000,1240,504,84640
81,2010,10a,89,352303,360000,1498,247,48752
82,2010,10b,51,509110,515000,1391,385,69743
83,2010,10c,110,502057,500000,1310,401,67712
84,2010,10d,46,516016,536500,1381,395,72655
85,2010,10e,72,427565,436000,1369,329,59045
86,2010,10f,71,563907,551000,1384,429,74619
87,2010,10g,47,452784,460000,1373,349,62295
88,2010,10h,52,588315,579000,1298,470,78410
89,2010,10k,16,375281,400000,1231,311,54169
90,2010,10n,9,467877,480000,1340,363,65003
91,2010,1a,36,1012733,882500,2025,506,119512
92,2010,1b,32,1175406,1152500,2092,574,156077
93,2010,1c,13,1876884,1680000,2028,931,227513
94,2010,1d,27,1840555,1700000,2550,767,230222
95,2010,1e,53,756047,755000,1654,482,102245
96,2010,1f,22,2700977,2540000,2912,978,343978
97,2010,1g,12,1145166,1162500,2110,612,157431
98,2010,2a,27,940814,925000,1639,589,125267
99,2010,2b,82,637347,630000,1280,511,85317
100,2010,2c,68,643999,651000,1289,525,88161
101,2010,2d,85,742356,725000,1554,500,98182
102,2010,2e,88,744445,735500,1554,497,99604
103,2010,2f,28,935035,829000,1958,498,112267
104,2010,2g,29,820236,799000,1782,479,108204
105,2010,3a,23,877582,825000,1687,543,111725
106,2010,3b,22,549363,551500,1199,470,74686
107,2010,3c,9,898966,888000,2052,445,120257
108,2010,3e,17,913014,879000,1853,507,119038
109,2010,3f,4,877000,800000,1980,486,108339
110,2010,3g,33,500935,500800,1271,407,67820
111,2010,3h,41,522254,531000,1401,407,71910
112,2010,3j,40,488405,480000,1470,361,65003
113,2010,4a,7,1083142,1050000,1894,588,142196
114,2010,4b,15,1018133,954000,2131,505,129195
115,2010,4c,21,1242142,1275000,2179,590,172666
116,2010,4d,12,789995,768725,1637,491,104104
117,2010,4e,11,962045,933000,2022,502,126351
118,2010,4f,28,717071,743500,1306,558,100688
119,2010,4g,22,1939600,1909000,2739,769,258525
120,2010,4h,37,767456,735000,1479,539,99537
121,2010,4j,14,937132,891500,1779,545,120731
122,2010,4k,6,1036333,864500,2190,508,117074
123,2010,4m,6,1543710,1664131,2920,593,225364
124,2010,4n,10,957400,950000,1906,514,128653
125,2010,4p,19,882394,820000,1748,528,111048
126,2010,4r,7,787428,750000,1735,482,101568
127,2010,4s,40,680657,677500,1341,538,91750
128,2010,4t,29,1131215,1095000,2163,539,148290
129,2010,5a,57,1087021,929000,1721,664,125809
130,2010,5b,6,1646666,1605000,2807,639,217356
131,2010,5c,117,1326352,1218000,1787,771,164947
132,2010,5d,3,963000,960000,1303,748,130007
133,2010,5e,23,1696652,1525000,2153,865,206522
134,2010,5f,18,1967222,1942500,2391,853,263062
135,2010,5g,16,1283703,1255000,1796,746,169958
136,2010,5h,10,1984250,1556250,2599,828,210754
137,2010,5j,1,1380000,1380000,1427,967,186886
138,2010,5k,39,1519931,1475000,2048,754,199751
139,2010,5m,5,1951800,2149000,2861,706,291027
140,2010,6a,4,1213750,1115000,3530,414,150998
141,2010,6b,11,1557318,1435000,2746,583,194334
142,2010,6c,17,1428726,1475000,2090,728,199751
143,2010,6d,4,692500,710000,1672,415,96151
144,2010,6e,3,1721666,1550000,2871,654,209908
145,2010,6f,7,1155714,1129500,2175,596,152962
146,2010,7a,23,2266791,1950000,2560,949,264078
147,2010,7b,49,4004112,3500000,3299,1440,473986
148,2010,7c,25,3723755,3675000,3562,1150,497686
149,2010,7d,23,2515184,2200000,2420,1081,297934
150,2010,8a,1,1120000,1120000,2192,510,151675
151,2010,8c,1,1150000,1150000,2380,483,155738
152,2010,8d,1,3175000,3175000,3550,894,429973
153,2010,8e,10,2323000,2075000,1657,1513,281006
154,2010,8g,8,1858750,1625000,1911,1004,220065
155,2010,9a,145,755113,750000,1375,575,101568
156,2010,9c,29,835637,800000,1698,519,108339
157,2010,9e,38,995016,925000,1574,659,125267
158,2010,9f,2,1775000,1775000,2680,587,240378
159,2010,9j,1,785000,785000,1475,532,106308
160,2011,10a,104,299562,300000,1330,235,40627
161,2011,10b,50,491428,497500,1400,366,67373
162,2011,10c,97,468135,472500,1338,372,63988
163,2011,10d,55,496143,508000,1344,380,68795
164,2011,10e,81,398618,400000,1257,333,54169
165,2011,10f,84,535915,546400,1435,394,73996
166,2011,10g,46,411608,408000,1234,343,55253
167,2011,10h,66,555835,569500,1355,433,77124
168,2011,10j,4,364975,267450,1284,270,36219
169,2011,10k,19,320962,310000,1180,281,41981
170,2011,10n,7,528000,540000,1482,395,73129
171,2011,1a,47,925831,860000,1854,512,116465
172,2011,1b,33,1160653,1140000,2010,594,154384
173,2011,1c,11,2209965,2075000,3271,729,281006
174,2011,1d,20,1948416,1807500,2489,814,244780
175,2011,1e,57,732143,680000,1651,465,92088
176,2011,1f,16,2045313,1725000,2802,759,233607
177,2011,1g,11,1165954,1210000,1766,672,163863
178,2011,2a,39,982737,872500,1961,517,118158
179,2011,2b,87,606322,588500,1328,479,79697
180,2011,2c,65,580293,595000,1323,453,80577
181,2011,2d,98,658409,660000,1458,469,89380
182,2011,2e,79,710493,710000,1618,457,96151
183,2011,2f,42,923838,866250,1807,524,117311
184,2011,2g,31,777174,745000,1628,486,100891
185,2011,3a,20,831675,788250,1738,490,106748
186,2011,3b,18,551514,527500,1408,415,71436
187,2011,3c,13,820384,815000,1873,469,110371
188,2011,3e,13,824706,800000,1685,490,108339
189,2011,3f,10,900700,917500,2260,413,124252
190,2011,3g,43,444476,450000,1219,387,60941
191,2011,3h,47,435738,450000,1251,355,60941
192,2011,3j,42,392200,391500,1248,341,53018
193,2011,4a,5,1220000,1175000,2385,513,159124
194,2011,4b,4,904250,884500,2210,419,119783
195,2011,4c,18,1378033,1459000,2313,619,197584
196,2011,4d,10,866800,825000,1849,488,111725
197,2011,4e,18,928500,947500,2243,436,128314
198,2011,4f,29,714268,680000,1313,557,92088
199,2011,4g,19,1969213,1800000,3332,630,243764
200,2011,4h,68,752934,725000,1558,500,98182
201,2011,4j,19,921473,875000,1631,600,118496
202,2011,4k,5,929800,859000,2419,389,116329
203,2011,4m,5,1029576,1066800,2231,464,144471
204,2011,4n,10,889602,784500,2000,450,106240
205,2011,4p,15,955600,920000,2224,450,124590
206,2011,4r,17,845876,808000,1773,500,109423
207,2011,4s,36,620819,602000,1272,499,81525
208,2011,4t,20,979075,1022000,1721,588,138404
209,2011,5a,48,1031770,907500,1725,609,122897
210,2011,5b,7,1502714,1650000,2815,569,223450
211,2011,5c,113,1445939,1350000,2062,740,182823
212,2011,5d,8,890875,913000,1570,571,123642
213,2011,5e,28,1712375,1472500,2042,888,199412
214,2011,5f,20,1793418,1764687,2533,740,238982
215,2011,5g,26,1228046,1092500,1781,722,147951
216,2011,5h,10,2515000,2277500,3273,852,308429
217,2011,5j,3,1766666,1850000,2650,678,250535
218,2011,5k,66,1381643,1342500,1756,802,181807
219,2011,5m,5,2309700,1575000,1668,1499,213294
220,2011,6b,3,1386666,1265000,2038,754,171312
221,2011,6c,16,1492459,1305500,2083,725,176797
222,2011,6d,1,695000,695000,1537,452,94120
223,2011,6e,1,3050000,3050000,5693,535,413045
224,2011,6f,5,1514800,1385000,2188,733,187563
225,2011,7a,21,2211253,1975000,2797,853,267463
226,2011,7b,45,4253739,3225000,3477,1290,436744
227,2011,7c,13,5082846,4000000,4254,1258,541699
228,2011,7d,23,2585934,2250000,2561,1078,304705
229,2011,8a,1,2750000,2750000,4368,629,372418
230,2011,8c,4,1056600,1105000,2002,548,149644
231,2011,8d,1,640000,640000,1901,336,86671
232,2011,8e,15,2904373,2275000,2920,1099,308091
233,2011,8g,10,2784000,2262500,1748,1559,306398
234,2011,9a,171,716110,699000,1387,533,94661
235,2011,9c,23,761027,740000,1534,529,100214
236,2011,9e,34,1091205,910000,1606,701,123236
237,2011,9f,1,567250,567250,1442,393,76819
238,2011,9j,1,2449000,2449000,3400,720,331655
239,2012,10a,88,324440,315000,1383,242,42658
240,2012,10b,66,519384,525000,1504,407,71098
241,2012,10c,102,486274,483000,1360,385,65410
242,2012,10d,58,530505,531250,1370,402,71944
243,2012,10e,95,445627,440000,1406,337,59586
244,2012,10f,93,549276,550000,1490,393,74483
245,2012,10g,46,466746,467450,1430,341,63304
246,2012,10h,54,593134,601500,1348,450,81457
247,2012,10j,2,229750,229750,1125,204,31113
248,2012,10k,26,382942,400500,1425,287,54237
249,2012,10m,1,190000,190000,698,272,25730
250,2012,10n,9,511277,480000,1323,397,65003
251,2012,1a,55,982853,888000,1802,561,120257
252,2012,1b,29,1388137,1300000,2309,626,176052
253,2012,1c,13,1872423,1725000,2120,894,233607
254,2012,1d,22,1914679,1990000,2413,844,269495
255,2012,1e,70,774578,719000,1750,466,97370
256,2012,1f,20,3794714,3150000,3273,1174,426588
257,2012,1g,12,1262750,1187500,1956,669,160816
258,2012,2a,36,1010048,959500,1974,530,129940
259,2012,2b,68,641600,651000,1319,511,88161
260,2012,2c,61,624029,650000,1317,496,88026
261,2012,2d,80,748542,748500,1581,491,101365
262,2012,2e,84,771250,750000,1623,494,101568
263,2012,2f,49,911534,870000,1739,537,117819
264,2012,2g,31,870790,858000,1823,494,116194
265,2012,3a,25,840095,800000,1695,506,108339
266,2012,3b,24,594270,581500,1210,514,78749
267,2012,3c,4,794987,775000,1651,491,104954
268,2012,3e,15,876933,845000,2001,447,114433
269,2012,3f,4,1272750,1200000,2483,543,162509
270,2012,3g,39,476694,480000,1172,420,65003
271,2012,3h,35,537111,530000,1435,402,71775
272,2012,3j,49,474028,440000,1376,382,59586
273,2012,4a,5,1392780,1250900,2766,533,169402
274,2012,4b,21,1032988,950000,2056,506,128653
275,2012,4c,26,1562644,1465000,2580,635,198397
276,2012,4d,12,958666,955000,1805,539,129330
277,2012,4e,21,953625,935000,2208,454,126622
278,2012,4f,33,780984,735000,1381,581,99537
279,2012,4g,23,1867239,1900000,2962,656,257307
280,2012,4h,56,815369,787500,1512,564,106647
281,2012,4j,18,973166,912500,1887,526,123575
282,2012,4k,9,1099666,910000,2429,467,123236
283,2012,4m,18,1297361,1180000,2200,622,159801
284,2012,4n,15,1047666,1023000,2312,471,138539
285,2012,4p,12,970104,919000,1884,525,124455
286,2012,4r,13,834452,828888,1391,615,112251
287,2012,4s,47,648401,648000,1219,549,87755
288,2012,4t,21,1159904,1100000,2013,614,148967
289,2012,5a,65,1062084,940000,1575,711,127299
290,2012,5b,6,1811833,1937500,2525,784,262385
291,2012,5c,147,1475375,1400000,1880,813,189594
292,2012,5d,6,804500,828500,1346,607,112199
293,2012,5e,26,1847461,1762500,1983,980,238686
294,2012,5f,25,2234782,1760000,2649,883,238347
295,2012,5g,22,1298945,1218500,1640,819,165015
296,2012,5h,11,2414563,2570000,3421,733,348041
297,2012,5j,2,1469150,1469150,1241,1178,198959
298,2012,5k,75,1878660,1545000,2065,963,209231
299,2012,5m,3,1225000,1350000,1485,867,182823
300,2012,6a,5,1270400,1325000,2038,658,179437
301,2012,6b,7,1476000,1555000,2144,768,210585
302,2012,6c,24,1725201,1504000,2120,847,203678
303,2012,6d,4,917250,756000,1695,535,102381
304,2012,6e,3,4083333,2850000,9740,578,385960
305,2012,6f,8,1595875,1343000,2853,565,181875
306,2012,7a,24,2543583,2450000,2655,1034,331790
307,2012,7b,54,5276475,3974999,3803,1696,538313
308,2012,7c,22,5652136,4475000,3528,1804,606025
309,2012,7d,24,3585708,2802500,2759,1374,379527
310,2012,8a,1,3100000,3100000,2805,1105,419816
311,2012,8c,4,979950,756000,1218,827,102381
312,2012,8d,3,1405291,1050000,1565,944,142196
313,2012,8e,12,2480916,1804000,2195,1159,244306
314,2012,8g,10,2233100,1690500,1758,1392,228935
315,2012,9a,155,816299,775000,1435,597,104954
316,2012,9c,30,876036,790000,1771,545,106985
317,2012,9e,36,905083,785000,1445,637,106308
318,2012,9f,4,820000,837500,1369,690,113418
319,2012,9j,1,1900000,1900000,3192,595,257307
320,2013,10a,108,474112,477500,1425,352,64665
321,2013,10b,44,635324,637750,1472,449,86367
322,2013,10c,97,591062,592000,1293,485,80171
323,2013,10d,41,623885,650000,1288,502,88026
324,2013,10e,77,544659,550000,1446,404,74483
325,2013,10f,91,667047,680000,1537,470,92088
326,2013,10g,41,550024,575000,1339,435,77869
327,2013,10h,49,732857,728000,1354,572,98589
328,2013,10j,1,300000,300000,1325,226,40627
329,2013,10k,16,499437,516000,1289,401,69879
330,2013,10n,4,672750,672500,1332,523,91073
331,2013,1a,59,1209410,1200000,1978,633,162509
332,2013,1b,24,1508791,1480000,2149,730,200428
333,2013,1c,11,2438727,2557000,2575,970,346281
334,2013,1d,30,2280033,2040000,2584,934,276266
335,2013,1e,68,1000326,906500,1832,576,122762
336,2013,1f,18,3561016,3115000,2750,1331,421848
337,2013,1g,16,1524576,1377500,2198,725,186547
338,2013,2a,46,1119728,1082500,1836,635,146597
339,2013,2b,113,744065,750000,1313,591,101568
340,2013,2c,71,782095,775000,1365,598,104954
341,2013,2d,96,860193,842500,1557,586,114095
342,2013,2e,87,898234,885000,1693,556,119850
343,2013,2f,37,1189959,1180000,1999,622,159801
344,2013,2g,47,1002479,950000,1687,617,128653
345,2013,3a,20,977944,945000,1601,625,127976
346,2013,3b,22,675863,670000,1354,517,90734
347,2013,3c,10,1097150,1095000,2040,553,148290
348,2013,3e,12,1045875,988000,1872,574,133799
349,2013,3f,13,1114153,1180000,1860,638,159801
350,2013,3g,24,625891,639000,1318,496,86536
351,2013,3h,42,650405,650000,1365,497,88026
352,2013,3j,41,593826,563000,1408,450,76244
353,2013,4a,12,1488333,1360000,2511,609,184177
354,2013,4b,10,1353450,1225000,2178,646,165895
355,2013,4c,19,1674315,1590000,2367,755,215325
356,2013,4d,11,1024727,940000,1952,550,127299
357,2013,4e,25,1235840,1150000,2198,566,155738
358,2013,4f,28,844228,824000,1413,635,111590
359,2013,4g,25,2083080,2000000,2973,757,270849
360,2013,4h,43,975099,950000,1608,633,128653
361,2013,4j,19,1204236,1177000,1884,694,159394
362,2013,4k,10,1565300,1375000,2809,586,186209
363,2013,4m,9,1708000,1545000,2410,720,209231
364,2013,4n,19,1159744,1008000,2246,533,136508
365,2013,4p,13,1115687,960000,1777,648,130007
366,2013,4r,23,1046456,1000000,1671,667,135424
367,2013,4s,44,844838,802500,1359,632,108678
368,2013,4t,17,1253117,1245000,1936,665,168603
369,2013,5a,69,1331905,1272122,1659,855,172276
370,2013,5b,5,2325000,2225000,2907,895,301320
371,2013,5c,136,1878774,1700000,1930,1017,230222
372,2013,5d,12,1375833,1400000,1697,904,189594
373,2013,5e,17,2081852,1855000,2124,1035,251212
374,2013,5f,19,2604421,2400000,2764,978,325019
375,2013,5g,24,1238979,1105000,1559,848,149644
376,2013,5h,10,3126000,2637500,3373,1072,357182
377,2013,5j,3,1688333,1650000,2089,862,223450
378,2013,5k,71,1791987,1560000,1769,1060,211262
379,2013,5m,4,1821266,1600033,1650,1208,216684
380,2013,6a,2,1835000,1835000,2692,672,248504
381,2013,6b,10,1804610,1550000,1739,1064,209908
382,2013,6c,19,2352578,2200000,2554,971,297934
383,2013,6d,4,868250,822500,1693,520,111386
384,2013,6e,2,2775000,2775000,6808,488,375803
385,2013,6f,5,1398805,1105000,1556,882,149644
386,2013,7a,34,2847094,2492500,2363,1273,337546
387,2013,7b,56,5545642,4822500,3898,1695,653085
388,2013,7c,23,6050478,4695000,4879,1324,635819
389,2013,7d,25,3449560,3600000,2317,1616,487529
390,2013,8a,1,2100000,2100000,1427,1471,284392
391,2013,8c,4,2331250,2700000,1629,1413,365646
392,2013,8e,14,3971071,2925000,2615,1598,396117
393,2013,8f,1,2650000,2650000,5170,512,358875
394,2013,8g,2,2325000,2325000,1891,1234,314862
395,2013,8j,1,810000,810000,1635,495,109694
396,2013,9a,186,1020772,955625,1454,738,129415
397,2013,9c,44,1145665,1007500,1738,700,136440
398,2013,9e,49,1338434,1265000,1635,842,171312
399,2013,9f,3,1418333,1350000,2422,637,182823
400,2013,9j,1,1152000,1152000,1055,1091,156009
401,2014,10a,87,592556,600000,1447,429,81254
402,2014,10b,54,735395,742500,1513,519,100552
403,2014,10c,94,698808,690000,1329,557,93443
404,2014,10d,49,721124,725000,1465,544,98182
405,2014,10e,55,646747,650000,1368,508,88026
406,2014,10f,81,760757,740000,1413,563,100214
407,2014,10g,43,665460,680000,1377,511,92088
408,2014,10h,42,905400,837500,1435,650,113418
409,2014,10j,1,415000,415000,1130,367,56201
410,2014,10k,11,591727,601000,1345,519,81390
411,2014,10m,1,888000,888000,2875,308,120257
412,2014,10n,4,695250,707500,1320,552,95813
413,2014,1a,61,1396825,1375000,1970,722,186209
414,2014,1b,32,1824230,1730000,2230,897,234284
415,2014,1c,9,2451966,2055000,2350,1026,278297
416,2014,1d,26,2750653,2720000,2639,1093,368355
417,2014,1e,60,1178480,1075000,1908,651,145581
418,2014,1f,7,4332824,4725275,3901,1130,639919
419,2014,1g,19,1618420,1690000,1892,887,228867
420,2014,2a,36,1232486,1220000,1685,765,165218
421,2014,2b,72,847022,820000,1356,659,111048
422,2014,2c,70,863168,843000,1337,681,114163
423,2014,2d,109,1005521,950000,1661,634,128653
424,2014,2e,71,1057561,1000000,1739,630,135424
425,2014,2f,37,1625250,1465000,1920,862,198397
426,2014,2g,43,1206724,1170000,1709,728,158446
427,2014,3a,30,1164383,1167500,1723,696,158108
428,2014,3b,23,751260,745000,1282,611,100891
429,2014,3c,11,1110090,1080000,1782,640,146258
430,2014,3e,5,1230400,1270000,2003,618,171989
431,2014,3f,10,1348500,1360000,2133,666,184177
432,2014,3g,35,672542,680000,1154,601,92088
433,2014,3h,46,689523,660944,1325,563,89508
434,2014,3j,21,687785,650000,1496,523,88026
435,2014,4a,8,1700781,1637500,2486,711,221758
436,2014,4b,18,1603125,1482500,2091,774,200767
437,2014,4c,25,1965620,1900000,2471,826,257307
438,2014,4d,14,1036214,1001000,1690,632,135560
439,2014,4e,17,1483058,1540000,2297,674,208554
440,2014,4f,23,1024987,1000800,1370,770,135533
441,2014,4g,16,2468500,2420000,2751,922,327727
442,2014,4h,58,1121577,1044000,1556,738,141383
443,2014,4j,10,1261100,1212500,1753,758,164202
444,2014,4k,5,1640600,1565000,2233,768,211939
445,2014,4m,11,2060727,1900000,3085,683,257307
446,2014,4n,12,1298416,1251000,2018,682,169416
447,2014,4p,14,1356500,1325000,2236,641,179437
448,2014,4r,12,1200130,1155284,1580,814,156454
449,2014,4s,48,892483,861410,1308,712,116656
450,2014,4t,17,1452647,1450000,1957,771,196365
451,2014,5a,73,1491681,1415000,1665,937,191626
452,2014,5b,5,2392000,2350000,2815,908,318248
453,2014,5c,126,2288149,2030000,2008,1189,274912
454,2014,5d,5,1652000,1400000,1881,964,189594
455,2014,5e,21,2267666,2370000,2076,1179,320956
456,2014,5f,18,2989944,2250000,2890,1124,304705
457,2014,5g,15,1708466,1575000,1719,1027,213294
458,2014,5h,10,2627828,2500000,2846,1044,338561
459,2014,5j,3,2419333,2308000,2146,1193,312560
460,2014,5k,45,2306255,2040000,2018,1163,276266
461,2014,5m,4,2466375,1728000,2149,1173,234014
462,2014,6a,3,1966666,1650000,2927,690,223450
463,2014,6b,10,2041862,1830000,1905,1095,247827
464,2014,6c,20,2575900,2857500,2325,1159,386976
465,2014,6d,2,1722120,1722120,2274,731,233217
466,2014,6e,5,2366800,2250000,2971,865,304705
467,2014,6f,5,2313800,1729000,3798,585,234149
468,2014,7a,34,3262029,3170000,2502,1395,429296
469,2014,7b,45,5281720,4200000,3550,1677,568784
470,2014,7c,17,6029705,5950000,4139,1708,805777
471,2014,7d,21,4311993,4200000,2849,1691,568784
472,2014,8a,2,2577500,2577500,3162,859,349057
473,2014,8c,2,1449069,1449069,1617,989,196239
474,2014,8e,14,3663000,3207500,2237,1657,434374
475,2014,8g,5,3013000,2750000,2371,1132,372418
476,2014,9a,169,1174592,1160000,1451,855,157092
477,2014,9c,28,1300000,1220000,1605,862,165218
478,2014,9e,32,1550718,1405000,1561,1045,190271
479,2014,9f,3,1839000,1445000,2951,693,195688
480,2014,9h,1,1470000,1470000,1200,1225,199074
481,2015,10a,81,686052,670000,1443,502,90734
482,2015,10b,46,850617,842500,1500,597,114095
483,2015,10c,100,826802,803484,1361,646,108811
484,2015,10d,50,811700,806500,1410,604,109220
485,2015,10e,64,712084,725000,1362,571,98182
486,2015,10f,65,846474,810888,1322,672,109814
487,2015,10g,32,722693,732500,1247,610,99198
488,2015,10h,47,1034936,975000,1552,695,132039
489,2015,10j,1,640000,640000,1720,372,86671
490,2015,10k,11,745186,710000,1699,476,96151
491,2015,10m,2,952500,952500,902,1261,128992
492,2015,10n,4,829000,765500,1325,637,103667
493,2015,1a,59,1601477,1585000,2013,816,214648
494,2015,1b,27,1976588,1885000,2063,1005,255275
495,2015,1c,7,2945714,2800000,2941,1050,379189
496,2015,1d,18,2896000,2559000,2912,1075,346551
497,2015,1e,55,1347066,1290000,1781,779,174697
498,2015,1f,14,3684428,3008500,2472,1431,407425
499,2015,1g,13,1767222,1575000,1803,1007,213294
500,2015,2a,37,1506983,1420000,1790,890,192303
501,2015,2b,76,996617,987500,1319,776,133731
502,2015,2c,66,1029921,984000,1383,780,133257
503,2015,2d,84,1170533,1131000,1690,719,153165
504,2015,2e,75,1275947,1250000,1785,734,169280
505,2015,2f,45,1444541,1375000,1696,879,186209
506,2015,2g,27,1356925,1405000,1982,728,190271
507,2015,3a,18,1318549,1337500,1664,814,181130
508,2015,3b,17,951117,915000,1500,647,123913
509,2015,3c,8,1219250,1123000,1738,762,152082
510,2015,3d,3,1533674,1519538,2001,766,205783
511,2015,3e,13,1295615,1285000,1800,736,174020
512,2015,3f,6,1422981,1403944,2215,652,190128
513,2015,3g,28,781428,735000,1384,599,99537
514,2015,3h,37,814278,821500,1430,611,111251
515,2015,3j,24,779282,747500,1454,574,101230
516,2015,4a,5,1991000,1800000,2630,761,243764
517,2015,4b,12,1577054,1523750,2226,733,206353
518,2015,4c,17,2371235,2338000,2849,908,316623
519,2015,4d,15,1342958,1238500,1723,834,167723
520,2015,4e,25,1469980,1500000,2057,741,203137
521,2015,4f,25,1168142,1175000,1370,882,159124
522,2015,4g,19,2943105,2701000,2982,1034,365782
523,2015,4h,67,1344982,1250000,1646,836,169280
524,2015,4j,22,1813154,1585000,2231,846,214648
525,2015,4k,8,1648124,1587500,2137,773,214986
526,2015,4m,24,2225416,2189000,3255,715,296444
527,2015,4n,5,1439750,1383750,2212,667,187394
528,2015,4p,13,1380615,1410000,1846,774,190948
529,2015,4r,18,1237166,1207500,1496,854,163525
530,2015,4s,46,1255338,1175000,1553,856,159124
531,2015,4t,15,1797000,1800000,2017,910,243764
532,2015,5a,72,1683597,1600000,1688,1045,216679
533,2015,5b,5,2695000,2825000,3504,769,382574
534,2015,5c,109,2569060,2250000,2038,1314,304705
535,2015,5d,5,1517000,1485000,1735,942,201105
536,2015,5e,12,2897416,2700500,2324,1298,365714
537,2015,5f,18,3248666,3147500,2340,1465,426249
538,2015,5g,21,2085361,1880000,1963,1093,254598
539,2015,5h,4,2126250,1937500,2204,1071,262385
540,2015,5j,3,2466666,2250000,1995,1298,304705
541,2015,5k,48,2417807,2167500,1927,1297,293533
542,2015,5m,3,3145833,3000000,2031,1537,406274
543,2015,6a,4,2608250,2562500,3781,774,347025
544,2015,6b,6,2354666,2405000,2274,1060,325696
545,2015,6c,13,2449615,2340000,2193,1167,316893
546,2015,6d,3,1153333,1200000,1618,730,162509
547,2015,6e,4,3173000,2196000,3539,994,297392
548,2015,6f,7,2750000,3100000,2373,1213,419816
549,2015,7a,23,4075726,3655314,2644,1627,495020
550,2015,7b,32,7632328,5638500,3924,2261,763592
551,2015,7c,16,6245375,5792500,3576,1911,784447
552,2015,7d,16,5315312,5050000,3007,1960,683895
553,2015,8c,2,1255000,1255000,1241,1028,169958
554,2015,8e,13,4009307,2925000,2328,1745,396117
555,2015,8g,7,4728571,2500000,3096,1523,338561
556,2015,9a,176,1380786,1300000,1445,991,176052
557,2015,9c,32,1828437,1677500,1870,998,227175
558,2015,9e,50,1755347,1650000,1618,1182,223450
559,2015,9f,4,1427500,1490000,2005,714,201782
560,2015,9j,1,2900000,2900000,2958,980,392731
561,2016,10a,63,743046,750000,1455,541,101568
562,2016,10b,42,878845,840000,1492,622,113756
563,2016,10c,81,935886,890000,1446,684,120528
564,2016,10d,38,815605,815500,1292,681,110438
565,2016,10e,48,748540,750000,1348,609,101568
566,2016,10f,65,937390,900000,1494,654,121882
567,2016,10g,30,786563,750800,1347,627,101676
568,2016,10h,35,1030231,1000000,1499,724,135424
569,2016,10k,9,740472,790000,1324,597,106985
570,2016,10m,1,500000,500000,1204,415,67712
571,2016,10n,4,784500,779000,1219,656,105495
572,2016,1a,54,1618229,1565000,2050,826,211939
573,2016,1b,30,2282633,2250000,2558,911,304705
574,2016,1c,8,2968125,2522500,2680,1160,341608
575,2016,1d,16,3032566,2787500,2797,1144,377496
576,2016,1e,52,1501288,1422500,1935,811,192641
577,2016,1f,15,4397573,3360000,3062,1411,455027
578,2016,1g,6,2006666,1975000,2326,940,267463
579,2016,2a,23,1700757,1550000,2151,881,209908
580,2016,2b,77,1068577,1050000,1369,813,142196
581,2016,2c,65,1109523,1100000,1426,810,148967
582,2016,2d,74,1258553,1250000,1688,776,169280
583,2016,2e,95,1288643,1268000,1677,793,171718
584,2016,2f,38,1763434,1705000,1955,918,230899
585,2016,2g,25,1288391,1302520,1608,818,176393
586,2016,3a,17,1435418,1450000,1959,763,196365
587,2016,3b,29,934844,890000,1364,712,120528
588,2016,3c,13,1297115,1200000,1770,780,162509
589,2016,3d,13,1605811,1590458,2061,780,215387
590,2016,3e,12,1432914,1395000,1849,786,188917
591,2016,3f,11,1695230,1656000,2251,774,224263
592,2016,3g,33,817094,810000,1226,683,109694
593,2016,3h,40,887635,823500,1365,684,111522
594,2016,3j,28,871525,806944,1487,632,109280
595,2016,4a,8,1818750,1812500,2524,752,245457
596,2016,4b,15,1920117,1840000,2471,789,249181
597,2016,4c,21,2205972,2100000,2850,807,284392
598,2016,4d,7,1298142,1330000,1727,795,180114
599,2016,4e,13,1503346,1380000,1840,857,186886
600,2016,4f,31,1201842,1180000,1421,867,159801
601,2016,4g,12,2844166,2715000,2881,1015,367678
602,2016,4h,51,1321732,1300000,1524,892,176052
603,2016,4j,19,1462697,1380000,1850,860,186886
604,2016,4k,11,1712800,1620000,2618,700,219388
605,2016,4m,9,2307222,2425000,3036,790,328405
606,2016,4n,15,1659823,1625000,2108,829,220065
607,2016,4p,10,1421050,1420250,1737,867,192337
608,2016,4r,23,1322513,1300000,1888,733,176052
609,2016,4s,49,1163887,1130000,1355,886,153029
610,2016,4t,22,1833339,1801615,1973,947,243983
611,2016,5a,67,1800152,1510000,1766,1062,204491
612,2016,5b,8,2875659,2850000,2701,1161,385960
613,2016,5c,114,2484403,2200000,2072,1253,297934
614,2016,5d,4,1876250,1815000,2655,728,245795
615,2016,5e,13,2505800,2570400,2215,1282,348095
616,2016,5f,18,2799872,2650000,2587,1156,358875
617,2016,5g,19,1900457,1627000,1771,1093,220336
618,2016,5h,6,2400666,2275000,2329,1078,308091
619,2016,5j,6,2659166,2427500,2468,1075,328743
620,2016,5k,56,2314977,2155000,1837,1325,291840
621,2016,5m,5,3150000,2200000,2281,1374,297934
622,2016,6a,1,1800000,1800000,2600,692,243764
623,2016,6b,9,2427555,2450000,2757,1037,331790
624,2016,6c,14,3158500,3175000,2556,1257,429973
625,2016,6d,5,1210000,1200000,1462,829,162509
626,2016,6e,1,1400000,1400000,1311,1067,189594
627,2016,6f,6,2046666,1950000,1965,1107,264078
628,2016,7a,24,3532718,3083000,2632,1411,417514
629,2016,7b,42,6922535,6000000,3922,1870,812548
630,2016,7c,16,7120968,6625000,5247,1557,897189
631,2016,7d,20,4625622,3342500,3078,1565,452657
632,2016,8a,1,7200000,7200000,4610,1561,975058
633,2016,8c,3,5548333,3695000,3283,1584,500394
634,2016,8d,1,4000000,4000000,3550,1126,541699
635,2016,8e,8,4263111,3041500,2625,1671,411894
636,2016,8g,1,3170000,3170000,2490,1273,429296
637,2016,9a,171,1378489,1350000,1446,995,182823
638,2016,9c,31,1715325,1450000,1688,1044,196365
639,2016,9e,39,1833861,1550000,1591,1210,209908
640,2016,9f,3,1753333,1825000,1960,942,247150
641,2016,9j,3,1345000,1475000,1133,1189,199751
642,2017,10a,88,845963,817500,1455,608,110709
643,2017,10b,64,961202,952500,1438,694,128992
644,2017,10c,95,982466,955000,1341,765,129330
645,2017,10d,26,985029,970500,1493,675,131429
646,2017,10e,53,872641,825000,1508,641,111725
647,2017,10f,65,1051341,1020000,1436,777,138133
648,2017,10g,51,908899,835000,1533,655,113079
649,2017,10h,39,1109799,1055000,1410,817,142873
650,2017,10k,10,830679,845000,1412,606,114433
651,2017,10n,5,811280,828400,1060,768,112185
652,2017,1a,43,1709134,1650000,1934,900,223450
653,2017,1b,27,2128866,2035000,2188,1012,275589
654,2017,1c,10,2783500,2747500,2205,1273,372079
655,2017,1d,26,3006769,2725000,2817,1096,369032
656,2017,1e,45,1538959,1440000,1942,852,195011
657,2017,1f,9,3637222,3100000,3212,1153,419816
658,2017,1g,4,2043750,2000000,1854,1119,270849
659,2017,2a,17,1514447,1400000,1543,1016,189594
660,2017,2b,88,1196261,1188000,1413,881,160884
661,2017,2c,70,1258179,1200000,1436,911,162509
662,2017,2d,80,1348517,1332500,1585,887,180453
663,2017,2e,68,1404202,1400000,1653,864,189594
664,2017,2f,41,1908105,1750000,2009,1009,236993
665,2017,2g,38,1680131,1665000,1932,911,225482
666,2017,3a,27,1495037,1500000,1815,838,203137
667,2017,3b,22,1139064,1104000,1418,843,149508
668,2017,3c,9,1678333,1630000,2307,771,220742
669,2017,3d,8,1529035,1540049,2031,752,208560
670,2017,3e,4,1472500,1340000,1969,755,181469
671,2017,3f,4,1712500,1730000,2223,805,234284
672,2017,3g,24,1028916,987500,1395,769,133731
673,2017,3h,41,983641,950000,1401,747,128653
674,2017,3j,25,902720,895000,1469,658,121205
675,2017,4a,6,2020833,1895000,2142,937,256629
676,2017,4b,14,1938571,1912500,2114,928,258999
677,2017,4c,13,2324846,2370000,2313,1030,320956
678,2017,4d,10,1477100,1432500,1957,822,193995
679,2017,4e,19,1980105,1825000,2292,916,247150
680,2017,4f,23,1326129,1300000,1358,998,176052
681,2017,4g,17,2908294,3000000,2948,1012,406274
682,2017,4h,55,1409032,1375000,1504,967,186209
683,2017,4j,12,1683583,1669000,2039,848,226023
684,2017,4k,6,1566140,1605922,1672,984,217481
685,2017,4m,9,2405000,2400000,2911,944,325019
686,2017,4n,11,1659240,1575000,2041,860,213294
687,2017,4p,12,1831833,1815000,2020,959,245795
688,2017,4r,14,1575216,1617500,1719,947,219049
689,2017,4s,61,1281275,1270000,1364,984,171989
690,2017,4t,20,1956256,1927500,2044,989,261031
691,2017,5a,59,1830644,1700000,1709,1123,230222
692,2017,5b,3,2373333,2250000,2620,931,304705
693,2017,5c,130,2609918,2300000,2102,1326,311476
694,2017,5d,4,2018750,2130000,2227,965,288454
695,2017,5e,21,3213268,2950000,2272,1480,399503
696,2017,5f,21,2925095,2650000,2696,1113,358875
697,2017,5g,14,2244571,1837500,1908,1271,248843
698,2017,5h,11,2759909,2900000,2875,1103,392731
699,2017,5j,3,2060000,1980000,1889,1119,268141
700,2017,5k,46,2927378,2705000,2141,1469,366324
701,2017,5m,2,2037500,2037500,1487,1406,275927
702,2017,6a,2,2135000,2135000,2260,937,289131
703,2017,6b,10,2657000,2462500,2092,1292,333483
704,2017,6c,15,2910400,3000000,2564,1258,406274
705,2017,6d,3,1236666,1250000,1584,793,169280
706,2017,6e,2,5475000,5475000,3146,2242,741450
707,2017,6f,3,2750000,2800000,1926,1540,379189
708,2017,7a,22,3259409,2955000,2272,1492,400180
709,2017,7b,39,5869743,5518000,3428,1843,747273
710,2017,7c,18,7397916,7200000,4715,1697,975058
711,2017,7d,18,5076777,4842500,3235,1603,655794
712,2017,8c,8,2010625,1950000,1902,1135,264078
713,2017,8e,12,3389583,2967500,2501,1502,401873
714,2017,8g,4,5733125,3691250,2301,2721,499886
715,2017,9a,198,1563196,1478175,1541,1062,200181
716,2017,9c,29,1813939,1685000,1734,1099,228190
717,2017,9e,36,1907622,1725000,1687,1224,233607
718,2018,10a,69,952565,890000,1505,670,120528
719,2018,10b,42,1158361,1147500,1535,799,155399
720,2018,10c,95,1130401,1085000,1411,854,146935
721,2018,10d,32,1002236,981000,1413,736,132851
722,2018,10e,62,914672,900000,1304,758,121882
723,2018,10f,57,1234873,1275000,1628,794,172666
724,2018,10g,32,1004527,975000,1376,759,132039
725,2018,10h,38,1325895,1277500,1659,849,173005
726,2018,10k,12,945166,920000,1569,705,124590
727,2018,10n,8,1075437,1037500,1707,662,140503
728,2018,1a,54,1914246,1862500,1964,1000,252228
729,2018,1b,28,2317553,2300000,2451,960,311476
730,2018,1c,9,3586666,3150000,2994,1241,426588
731,2018,1d,27,2948448,2650000,2565,1177,358875
732,2018,1e,52,1800248,1680700,2040,917,227608
733,2018,1f,8,4109375,3812500,3248,1288,516306
734,2018,1g,12,2366415,2387500,2206,1083,323326
735,2018,2a,25,1813800,1740000,2018,979,235639
736,2018,2b,59,1334591,1350000,1401,986,182823
737,2018,2c,67,1416091,1350000,1443,1021,182823
738,2018,2d,83,1437283,1361000,1622,918,184313
739,2018,2e,82,1541035,1450000,1691,947,196365
740,2018,2f,43,1854867,1680000,1876,1025,227513
741,2018,2g,26,1636961,1622500,1749,964,219726
742,2018,3a,17,1548352,1550000,1647,960,209908
743,2018,3b,22,1219813,1237500,1355,951,167588
744,2018,3c,6,1654166,1482500,1778,983,200767
745,2018,3d,1,1600000,1600000,2001,799,216679
746,2018,3e,11,1887773,1918000,2433,787,259744
747,2018,3f,9,1824876,1670000,2176,876,226159
748,2018,3g,22,1042640,992500,1277,864,134409
749,2018,3h,41,1148462,1100000,1410,863,148967
750,2018,3j,24,1061000,1004000,1478,766,135966
751,2018,4a,7,2132000,2280000,2570,856,308768
752,2018,4b,11,2079818,2100000,2093,1007,284392
753,2018,4c,25,2524605,2650000,2913,913,358875
754,2018,4d,14,1800077,1612500,1819,1001,218372
755,2018,4e,17,2220758,2200000,2730,846,297934
756,2018,4f,26,1515423,1451500,1388,1114,196569
757,2018,4g,18,2817611,2693500,2866,1042,364766
758,2018,4h,59,1554098,1525000,1585,1027,206522
759,2018,4j,8,1762687,1755000,1924,930,237670
760,2018,4k,7,2068571,1910000,2845,801,258661
761,2018,4m,14,2389643,2052500,3040,853,277959
762,2018,4n,13,1832376,1828888,2246,848,247676
763,2018,4p,19,1824842,1698000,1889,977,229951
764,2018,4r,16,1762112,1735000,1644,1098,234961
765,2018,4s,51,1505432,1425000,1554,998,192980
766,2018,4t,21,2168953,2220000,2158,1048,300642
767,2018,5a,63,2299735,1865000,1798,1332,252567
768,2018,5b,7,2627142,2600000,2379,1181,352104
769,2018,5c,128,2548965,2310000,1976,1368,312831
770,2018,5d,4,1653000,1581000,1708,1002,214106
771,2018,5e,21,2678042,2600000,2262,1254,352104
772,2018,5f,15,3064066,2750000,2399,1317,372418
773,2018,5g,11,2291363,2200000,1808,1354,297934
774,2018,5h,11,2545181,2600000,2356,1130,352104
775,2018,5j,3,2577333,2617000,1493,1739,354406
776,2018,5k,57,2740037,2505000,2019,1472,339239
777,2018,5m,2,2150025,2150025,2326,918,291166
778,2018,6a,4,2933750,3005000,3990,871,406951
779,2018,6b,9,2490000,2575000,2373,1102,348718
780,2018,6c,16,3029625,2645500,2307,1365,358266
781,2018,6d,1,1240000,1240000,1427,868,167926
782,2018,6e,2,3700000,3700000,3960,931,501071
783,2018,6f,7,2310428,2600000,2019,1315,352104
784,2018,7a,28,4215533,4000000,2928,1521,541699
785,2018,7b,35,6784325,4505000,3881,1760,610088
786,2018,7c,17,7732529,7350000,4661,1718,995372
787,2018,7d,18,5083055,4900000,2839,1889,663581
788,2018,8a,1,3280000,3280000,2805,1169,444193
789,2018,8c,4,5283752,1900000,1942,2269,257307
790,2018,8d,1,2450000,2450000,1625,1507,331790
791,2018,8e,13,5225144,4147000,3545,1622,561606
792,2018,8g,4,3315000,3105000,2485,1282,420493
793,2018,9a,175,1660698,1550000,1535,1117,209908
794,2018,9c,29,2004827,1740000,1794,1173,235639
795,2018,9e,36,2135207,1925000,1964,1164,260692
796,2018,9g,1,3400000,3400000,3789,897,460444
